COUNTRY,COUNTRY_GRP,SEX,YEAR,VALUE
ALB,,ALL,1980,15912
ALB,,ALL,1981,15693
ALB,,ALL,1982,16289
ALB,,ALL,1983,17756
ALB,,ALL,1984,18908
ALB,,ALL,1985,20489
ALB,,ALL,1986,20768
ALB,,ALL,1987,20815
ALB,,ALL,1988,24815
ALB,,ALL,1989,23352
ALB,,ALL,1990,26112
ALB,,ALL,1991,30408
ALB,,ALL,1992,27745
ALB,,ALL,1993,33441
ALB,,ALL,1994,31292
ALB,,ALL,1995,32268
ALB,,ALL,1996,27734
ALB,,ALL,1997,22133
ALB,,ALL,1998,18948
ALB,,ALL,1999,16360
ALB,,ALL,2000,17120
ALB,,ALL,2001,15728
ALB,,ALL,2002,15625
ALB,,ALL,2003,12087
ALB,,ALL,2004,10517
ALB,,ALL,2005,9403
ALB,,ALL,2006,9552
ALB,,ALL,2007,9030
ALB,,ALL,2008,8335
ALB,,ALL,2009,8139
ALB,,ALL,2010,6919
ALB,,ALL,2011,7042
ALB,,ALL,2012,6755
ALB,,ALL,2013,6093
ALB,,ALL,2014,5572
ALB,,ALL,2015,5619
ALB,,ALL,2016,5396
ALB,,ALL,2017,5279
ALB,,ALL,2018,5532
AND,,ALL,1995,99
ARM,,ALL,1980,32604
ARM,,ALL,1981,32105
ARM,,ALL,1982,32004
ARM,,ALL,1983,33158
ARM,,ALL,1984,33385
ARM,,ALL,1985,33896
ARM,,ALL,1986,38116
ARM,,ALL,1987,32587
ARM,,ALL,1988,29149
ARM,,ALL,1989,26141
ARM,,ALL,1990,26094
ARM,,ALL,1991,27264
ARM,,ALL,1992,27958
ARM,,ALL,1993,27907
ARM,,ALL,1994,30571
ARM,,ALL,1995,30726
ARM,,ALL,1996,31323
ARM,,ALL,1997,25266
ARM,,ALL,1998,18286
ARM,,ALL,1999,14403
ARM,,ALL,2000,11769
ARM,,ALL,2001,10419
ARM,,ALL,2002,9767
ARM,,ALL,2003,10730
ARM,,ALL,2004,10645
ARM,,ALL,2005,10925
ARM,,ALL,2006,11132
ARM,,ALL,2007,11501
ARM,,ALL,2008,12469
ARM,,ALL,2009,13797
ARM,,ALL,2010,12295
ARM,,ALL,2011,12130
ARM,,ALL,2012,13730
ARM,,ALL,2013,12871
ARM,,ALL,2014,12019
ARM,,ALL,2015,11259
ARM,,ALL,2016,10736
ARM,,ALL,2017,10228
ARM,,ALL,2018,10647
ARM,,ALL,2019,11348
ARM,,ALL,2020,11219
AZE,,ALL,1990,24611
AZE,,ALL,1991,34006
AZE,,ALL,1992,32287
AZE,,ALL,1993,33951
AZE,,ALL,1994,33354
AZE,,ALL,1995,28700
AZE,,ALL,1996,28418
AZE,,ALL,1997,25228
AZE,,ALL,1998,24942
AZE,,ALL,1999,20911
AZE,,ALL,2000,17529
AZE,,ALL,2001,18361
AZE,,ALL,2002,16635
AZE,,ALL,2003,16912
AZE,,ALL,2004,19806
AZE,,ALL,2005,19586
AZE,,ALL,2006,20867
AZE,,ALL,2007,22325
AZE,,ALL,2008,25256
AZE,,ALL,2009,24562
AZE,,ALL,2010,26801
AZE,,ALL,2011,27790
AZE,,ALL,2012,31038
AZE,,ALL,2013,27892
AZE,,ALL,2014,27220
AZE,,ALL,2015,27452
AZE,,ALL,2016,34569
AZE,,ALL,2017,37618
BEL,,ALL,1985,16035
BEL,,ALL,1986,14972
BEL,,ALL,1987,15623
BEL,,ALL,1988,14828
BEL,,ALL,1989,16245
BEL,,ALL,1993,10380
BEL,,ALL,1994,10737
BEL,,ALL,1995,11243
BEL,,ALL,1996,12628
BEL,,ALL,1997,12266
BEL,,ALL,1998,11999
BEL,,ALL,1999,12734
BEL,,ALL,2000,13762
BEL,,ALL,2001,14775
BEL,,ALL,2002,14790
BEL,,ALL,2003,15595
BEL,,ALL,2004,16024
BEL,,ALL,2005,16696
BEL,,ALL,2006,17640
BEL,,ALL,2007,18033
BEL,,ALL,2008,18595
BEL,,ALL,2009,18870
BEL,,ALL,2010,19095
BEL,,ALL,2011,19578
BEL,,ALL,2012,19155
BEL,,ALL,2013,19551
BEL,,ALL,2014,19107
BEL,,ALL,2015,19013
BEL,,ALL,2016,17878
BEL,,ALL,2017,17257
BEL,,ALL,2018,18273
BEL,,ALL,2019,18027
BGR,,ALL,1970,142511
BGR,,ALL,1975,143450
BGR,,ALL,1980,156056
BGR,,ALL,1981,152531
BGR,,ALL,1982,147976
BGR,,ALL,1983,134413
BGR,,ALL,1984,131322
BGR,,ALL,1985,132269
BGR,,ALL,1986,134964
BGR,,ALL,1987,134097
BGR,,ALL,1988,133147
BGR,,ALL,1989,132021
BGR,,ALL,1990,144644
BGR,,ALL,1991,138405
BGR,,ALL,1992,132891
BGR,,ALL,1993,107416
BGR,,ALL,1994,97567
BGR,,ALL,1995,97092
BGR,,ALL,1996,98566
BGR,,ALL,1997,87896
BGR,,ALL,1998,79842
BGR,,ALL,1999,72382
BGR,,ALL,2000,61378
BGR,,ALL,2001,51165
BGR,,ALL,2002,50824
BGR,,ALL,2003,48035
BGR,,ALL,2004,47223
BGR,,ALL,2005,41795
BGR,,ALL,2006,37272
BGR,,ALL,2007,37594
BGR,,ALL,2008,36593
BGR,,ALL,2009,33733
BGR,,ALL,2010,31548
BGR,,ALL,2011,31716
BGR,,ALL,2012,29992
BGR,,ALL,2013,29505
BGR,,ALL,2014,28145
BGR,,ALL,2015,27782
BGR,,ALL,2016,26412
BGR,,ALL,2017,24287
BGR,,ALL,2018,23437
BGR,,ALL,2019,21864
BGR,,ALL,2020,19328
BIH,,ALL,1980,46874
BIH,,ALL,1983,50304
BIH,,ALL,1984,54453
BIH,,ALL,1985,58973
BIH,,ALL,1986,61256
BIH,,ALL,1987,67927
BIH,,ALL,1988,67769
BIH,,ALL,1989,65571
BIH,,ALL,2017,4142
BIH,,ALL,2018,3788
BIH,,ALL,2019,2210
BLR,,ALL,1990,254726
BLR,,ALL,1993,89090
BLR,,ALL,1994,86662
BLR,,ALL,1995,81405
BLR,,ALL,1996,75180
BLR,,ALL,1997,148900
BLR,,ALL,1998,145339
BLR,,ALL,1999,135829
BLR,,ALL,2000,121895
BLR,,ALL,2001,101402
BLR,,ALL,2002,89895
BLR,,ALL,2003,80174
BLR,,ALL,2004,71700
BLR,,ALL,2005,64655
BLR,,ALL,2006,58516
BLR,,ALL,2007,46285
BLR,,ALL,2008,42197
BLR,,ALL,2009,35967
BLR,,ALL,2010,33262
BLR,,ALL,2011,32031
BLR,,ALL,2012,28628
BLR,,ALL,2013,31206
BLR,,ALL,2014,29797
BLR,,ALL,2015,29217
BLR,,ALL,2016,27467
BLR,,ALL,2017,25249
BLR,,ALL,2018,23305
BLR,,ALL,2019,21289
BLR,,ALL,2020,18180
,CARINFONET,ALL,1990,578074
,CARINFONET,ALL,1991,560145
,CARINFONET,ALL,1992,629977
,CARINFONET,ALL,1993,531838
,CARINFONET,ALL,1994,466071
,CARINFONET,ALL,1995,395751
,CARINFONET,ALL,1996,345625
,CARINFONET,ALL,1997,300546
,CARINFONET,ALL,1998,274215
,CARINFONET,ALL,1999,250449
,CARINFONET,ALL,2000,237927
,CARINFONET,ALL,2001,233941
,CARINFONET,ALL,2002,223080
,CARINFONET,ALL,2003,222200
,CARINFONET,ALL,2004,214422
,CARINFONET,ALL,2005,211140
,CARINFONET,ALL,2006,210250
,CARINFONET,ALL,2007,210119
,CARINFONET,ALL,2008,200136
,CARINFONET,ALL,2009,194236
,CARINFONET,ALL,2010,187006
,CARINFONET,ALL,2011,174682
,CARINFONET,ALL,2012,183656
,CARINFONET,ALL,2013,164263
,CARINFONET,ALL,2014,171969
,CARINFONET,ALL,2015,164888
,CARINFONET,ALL,2016,165982
,CARINFONET,ALL,2017,166187
,CARINFONET,ALL,2018,165448
CHE,,ALL,1980,15837
CHE,,ALL,1981,17450
CHE,,ALL,1982,15436
CHE,,ALL,1983,15150
CHE,,ALL,1984,14969
CHE,,ALL,1985,14144
CHE,,ALL,1986,14145
CHE,,ALL,1987,12432
CHE,,ALL,1988,12778
CHE,,ALL,1989,12759
CHE,,ALL,1990,12986
CHE,,ALL,1991,12941
CHE,,ALL,1992,12628
CHE,,ALL,1993,12145
CHE,,ALL,1994,11813
CHE,,ALL,1995,11861
CHE,,ALL,1996,12756
CHE,,ALL,1997,12090
CHE,,ALL,1998,12629
CHE,,ALL,1999,12200
CHE,,ALL,2000,12312
CHE,,ALL,2001,12418
CHE,,ALL,2002,11844
CHE,,ALL,2003,10820
CHE,,ALL,2004,10959
CHE,,ALL,2005,10818
CHE,,ALL,2006,10594
CHE,,ALL,2007,10645
CHE,,ALL,2008,10924
CHE,,ALL,2009,10681
CHE,,ALL,2010,11101
CHE,,ALL,2011,11100
CHE,,ALL,2012,10907
CHE,,ALL,2013,10484
CHE,,ALL,2014,10275
CHE,,ALL,2015,10289
CHE,,ALL,2016,10273
CHE,,ALL,2017,10037
CHE,,ALL,2018,10457
CHE,,ALL,2019,10663
CHE,,ALL,2020,11143
,CIS,ALL,1990,5904761
,CIS,ALL,1991,5377309
,CIS,ALL,1992,5075179
,CIS,ALL,1993,4558351
,CIS,ALL,1994,4256167
,CIS,ALL,1995,3884289
,CIS,ALL,1996,3659910
,CIS,ALL,1997,3430625
,CIS,ALL,1998,3204798
,CIS,ALL,1999,2978005
,CIS,ALL,2000,2785559
,CIS,ALL,2001,2583534
,CIS,ALL,2002,2460725
,CIS,ALL,2003,2317154
,CIS,ALL,2004,2203103
,CIS,ALL,2005,2055292
,CIS,ALL,2006,1953167
,CIS,ALL,2007,1819007
,CIS,ALL,2008,1749733
,CIS,ALL,2009,1639731
,CIS,ALL,2010,1505743
,CIS,ALL,2011,1420849
,CIS,ALL,2012,1360546
,CIS,ALL,2013,1279856
,CIS,ALL,2014,1185201
,CIS,ALL,2015,1099968
,CIS,ALL,2016,1041277
,CIS,ALL,2017,973099
CZE,,ALL,1970,71893
CZE,,ALL,1971,68652
CZE,,ALL,1972,65079
CZE,,ALL,1973,55898
CZE,,ALL,1974,56969
CZE,,ALL,1975,55511
CZE,,ALL,1976,56889
CZE,,ALL,1977,61114
CZE,,ALL,1978,63904
CZE,,ALL,1979,64505
CZE,,ALL,1980,68930
CZE,,ALL,1981,71574
CZE,,ALL,1982,74531
CZE,,ALL,1983,75037
CZE,,ALL,1984,79534
CZE,,ALL,1985,83042
CZE,,ALL,1986,83564
CZE,,ALL,1987,107717
CZE,,ALL,1988,110031
CZE,,ALL,1989,107403
CZE,,ALL,1990,107131
CZE,,ALL,1991,103124
CZE,,ALL,1992,93435
CZE,,ALL,1993,69398
CZE,,ALL,1994,53674
CZE,,ALL,1995,48286
CZE,,ALL,1996,46506
CZE,,ALL,1997,43261
CZE,,ALL,1998,40935
CZE,,ALL,1999,37157
CZE,,ALL,2000,32530
CZE,,ALL,2001,30358
CZE,,ALL,2002,28850
CZE,,ALL,2003,27122
CZE,,ALL,2004,27574
CZE,,ALL,2005,26453
CZE,,ALL,2006,25352
CZE,,ALL,2007,25414
CZE,,ALL,2008,25760
CZE,,ALL,2009,24636
CZE,,ALL,2010,23998
CZE,,ALL,2011,24055
CZE,,ALL,2012,23032
CZE,,ALL,2013,22714
CZE,,ALL,2014,21893
CZE,,ALL,2015,20403
CZE,,ALL,2016,20406
CZE,,ALL,2017,19415
CZE,,ALL,2018,18298
CZE,,ALL,2019,17757
CZE,,ALL,2020,16886
DEU,,ALL,1991,124377
DEU,,ALL,1992,118609
DEU,,ALL,1993,111236
DEU,,ALL,1994,103586
DEU,,ALL,1995,97937
DEU,,ALL,1996,130899
DEU,,ALL,1997,130890
DEU,,ALL,1998,131795
DEU,,ALL,1999,130471
DEU,,ALL,2000,134609
DEU,,ALL,2001,134964
DEU,,ALL,2002,130387
DEU,,ALL,2003,128030
DEU,,ALL,2004,129650
DEU,,ALL,2005,124023
DEU,,ALL,2006,119710
DEU,,ALL,2007,116871
DEU,,ALL,2008,114484
DEU,,ALL,2009,110694
DEU,,ALL,2010,110431
DEU,,ALL,2011,108867
DEU,,ALL,2012,106815
DEU,,ALL,2013,102802
DEU,,ALL,2014,99715
DEU,,ALL,2015,99237
DEU,,ALL,2016,98721
DEU,,ALL,2017,101209
DEU,,ALL,2018,100986
DEU,,ALL,2019,100893
DEU,,ALL,2020,99948
DEU,,ALL,2021,94596
DNK,,ALL,1970,9375
DNK,,ALL,1971,11157
DNK,,ALL,1972,12985
DNK,,ALL,1973,16536
DNK,,ALL,1974,24868
DNK,,ALL,1975,27884
DNK,,ALL,1976,26842
DNK,,ALL,1977,25662
DNK,,ALL,1978,23699
DNK,,ALL,1979,23193
DNK,,ALL,1980,23334
DNK,,ALL,1981,22779
DNK,,ALL,1982,21462
DNK,,ALL,1983,20791
DNK,,ALL,1984,20742
DNK,,ALL,1985,19919
DNK,,ALL,1986,20067
DNK,,ALL,1987,20830
DNK,,ALL,1988,21199
DNK,,ALL,1989,21456
DNK,,ALL,1990,20589
DNK,,ALL,1991,19729
DNK,,ALL,1992,18833
DNK,,ALL,1993,18687
DNK,,ALL,1994,17598
DNK,,ALL,1995,17613
DNK,,ALL,1996,18244
DNK,,ALL,1997,17162
DNK,,ALL,1998,16594
DNK,,ALL,1999,16231
DNK,,ALL,2000,15882
DNK,,ALL,2001,15543
DNK,,ALL,2002,15177
DNK,,ALL,2003,15758
DNK,,ALL,2004,15387
DNK,,ALL,2005,15434
DNK,,ALL,2006,15334
DNK,,ALL,2007,15859
DNK,,ALL,2008,16799
DNK,,ALL,2009,16877
DNK,,ALL,2010,16809
DNK,,ALL,2011,16313
DNK,,ALL,2012,16507
DNK,,ALL,2013,16318
DNK,,ALL,2014,15716
DNK,,ALL,2015,15665
DNK,,ALL,2016,14426
DNK,,ALL,2017,14187
DNK,,ALL,2018,14284
ESP,,ALL,1987,16766
ESP,,ALL,1988,26069
ESP,,ALL,1989,30552
ESP,,ALL,1990,37231
ESP,,ALL,1991,41910
ESP,,ALL,1992,44962
ESP,,ALL,1993,45503
ESP,,ALL,1994,47832
ESP,,ALL,1995,49367
ESP,,ALL,1996,51002
ESP,,ALL,1997,49578
ESP,,ALL,1998,53847
ESP,,ALL,1999,58399
ESP,,ALL,2000,63756
ESP,,ALL,2001,69857
ESP,,ALL,2002,77125
ESP,,ALL,2003,79788
ESP,,ALL,2004,84985
ESP,,ALL,2005,91664
ESP,,ALL,2006,101592
ESP,,ALL,2007,112138
ESP,,ALL,2008,115812
ESP,,ALL,2009,111482
ESP,,ALL,2010,113031
ESP,,ALL,2011,118611
ESP,,ALL,2012,113419
ESP,,ALL,2013,108690
ESP,,ALL,2014,94796
ESP,,ALL,2015,94188
ESP,,ALL,2016,93131
ESP,,ALL,2017,94123
ESP,,ALL,2018,95917
ESP,,ALL,2019,99149
ESP,,ALL,2020,88269
EST,,ALL,1980,35497
EST,,ALL,1981,35052
EST,,ALL,1982,36272
EST,,ALL,1983,34250
EST,,ALL,1984,33747
EST,,ALL,1985,35652
EST,,ALL,1986,35749
EST,,ALL,1987,34713
EST,,ALL,1988,30702
EST,,ALL,1989,28216
EST,,ALL,1990,29410
EST,,ALL,1991,26470
EST,,ALL,1992,25803
EST,,ALL,1993,23284
EST,,ALL,1994,19784
EST,,ALL,1995,17671
EST,,ALL,1996,16887
EST,,ALL,1997,16615
EST,,ALL,1998,15798
EST,,ALL,1999,14503
EST,,ALL,2000,12745
EST,,ALL,2001,11656
EST,,ALL,2002,10839
EST,,ALL,2003,10625
EST,,ALL,2004,10081
EST,,ALL,2005,9619
EST,,ALL,2006,9394
EST,,ALL,2007,8900
EST,,ALL,2008,8420
EST,,ALL,2009,7565
EST,,ALL,2010,7087
EST,,ALL,2011,6689
EST,,ALL,2012,6082
EST,,ALL,2013,5811
EST,,ALL,2014,5188
EST,,ALL,2015,4919
EST,,ALL,2016,4509
EST,,ALL,2017,4017
EST,,ALL,2018,3821
EST,,ALL,2019,3772
EST,,ALL,2020,3514
FIN,,ALL,1970,14757
FIN,,ALL,1971,20622
FIN,,ALL,1972,22146
FIN,,ALL,1973,23362
FIN,,ALL,1974,22846
FIN,,ALL,1975,21547
FIN,,ALL,1976,19818
FIN,,ALL,1977,17772
FIN,,ALL,1978,16928
FIN,,ALL,1979,15849
FIN,,ALL,1980,15037
FIN,,ALL,1981,14120
FIN,,ALL,1982,13861
FIN,,ALL,1983,13323
FIN,,ALL,1984,13640
FIN,,ALL,1985,13787
FIN,,ALL,1986,13316
FIN,,ALL,1987,12984
FIN,,ALL,1988,12738
FIN,,ALL,1989,12637
FIN,,ALL,1990,12216
FIN,,ALL,1991,11737
FIN,,ALL,1992,11069
FIN,,ALL,1993,10375
FIN,,ALL,1994,10013
FIN,,ALL,1995,9872
FIN,,ALL,1996,10423
FIN,,ALL,1997,10251
FIN,,ALL,1998,10751
FIN,,ALL,1999,10837
FIN,,ALL,2000,10948
FIN,,ALL,2001,10742
FIN,,ALL,2002,10984
FIN,,ALL,2003,10772
FIN,,ALL,2004,11173
FIN,,ALL,2005,10972
FIN,,ALL,2006,10694
FIN,,ALL,2007,10578
FIN,,ALL,2008,10477
FIN,,ALL,2009,10502
FIN,,ALL,2010,10305
FIN,,ALL,2011,10742
FIN,,ALL,2012,10249
FIN,,ALL,2013,10138
FIN,,ALL,2014,9812
FIN,,ALL,2015,9507
FIN,,ALL,2016,9484
FIN,,ALL,2017,9394
FIN,,ALL,2018,8661
FIN,,ALL,2019,8728
FIN,,ALL,2020,8322
FRA,,ALL,1990,197405.94
FRA,,ALL,1991,199683.62
FRA,,ALL,1992,192193.2
FRA,,ALL,1993,191057.24
FRA,,ALL,1994,189193.17
FRA,,ALL,1995,179648
FRA,,ALL,1996,187114
FRA,,ALL,1997,188796
FRA,,ALL,1998,195960
FRA,,ALL,1999,196885
FRA,,ALL,2000,192174
FRA,,ALL,2001,202180
FRA,,ALL,2002,206596
FRA,,ALL,2003,203346
FRA,,ALL,2004,210664
FRA,,ALL,2005,206311
FRA,,ALL,2006,215390
FRA,,ALL,2007,213382
FRA,,ALL,2008,209247
FRA,,ALL,2009,209987
FRA,,ALL,2010,213985
FRA,,ALL,2011,209291
FRA,,ALL,2012,207120
FRA,,ALL,2013,216697
FRA,,ALL,2014,212025
FRA,,ALL,2015,205571
FRA,,ALL,2016,201661
FRA,,ALL,2017,203951
FRA,,ALL,2018,209950
FRA,,ALL,2019,218326
GBR,,ALL,1980,139576
GBR,,ALL,1981,140027
GBR,,ALL,1982,139386
GBR,,ALL,1983,138108
GBR,,ALL,1984,147854
GBR,,ALL,1985,152655
GBR,,ALL,1986,159722
GBR,,ALL,1987,168139
GBR,,ALL,1988,181092
GBR,,ALL,1989,183276
GBR,,ALL,1990,186758
GBR,,ALL,1991,180931
GBR,,ALL,1992,173686
GBR,,ALL,1993,170992
GBR,,ALL,1994,169972
GBR,,ALL,1995,167297
GBR,,ALL,1996,181796
GBR,,ALL,1997,184148
GBR,,ALL,1998,192314
GBR,,ALL,1999,187641
GBR,,ALL,2000,187539
GBR,,ALL,2001,188492
GBR,,ALL,2002,187802
GBR,,ALL,2003,193890
GBR,,ALL,2004,197877
GBR,,ALL,2005,199081
GBR,,ALL,2006,206961
GBR,,ALL,2007,212324
GBR,,ALL,2008,209248
GBR,,ALL,2009,202248
GBR,,ALL,2010,202565
GBR,,ALL,2011,202523
GBR,,ALL,2012,197742
GBR,,ALL,2013,197300
GBR,,ALL,2014,196363
GBR,,ALL,2015,197922
GBR,,ALL,2016,197672
GBR,,ALL,2017,205112
GBR,,ALL,2018,218581
GBR,,ALL,2019,221981
GBR,,ALL,2020,223732
GEO,,ALL,1985,65279
GEO,,ALL,1990,56862
GEO,,ALL,1991,59384
GEO,,ALL,1992,50748
GEO,,ALL,1993,45131
GEO,,ALL,1994,45859
GEO,,ALL,1995,39538
GEO,,ALL,1996,30003
GEO,,ALL,1997,23403
GEO,,ALL,1998,21018
GEO,,ALL,1999,18306
GEO,,ALL,2000,14951
GEO,,ALL,2001,15008
GEO,,ALL,2002,13908
GEO,,ALL,2003,8653
GEO,,ALL,2004,17210
GEO,,ALL,2005,19734
GEO,,ALL,2006,21204
GEO,,ALL,2007,20644
GEO,,ALL,2008,22062
GEO,,ALL,2009,24311
GEO,,ALL,2010,25585
GEO,,ALL,2011,26859
GEO,,ALL,2012,33688
GEO,,ALL,2013,30726
GEO,,ALL,2014,27637
GEO,,ALL,2015,25110
GEO,,ALL,2016,21234
GEO,,ALL,2017,24937
GEO,,ALL,2018,22733
GEO,,ALL,2019,21592
GEO,,ALL,2020,19045
GEO,,ALL,2021,17774
GRC,,ALL,1970,9115
GRC,,ALL,1971,8544
GRC,,ALL,1972,8431
GRC,,ALL,1973,7328
GRC,,ALL,1974,6058
GRC,,ALL,1975,6202
GRC,,ALL,1976,7505
GRC,,ALL,1977,6194
GRC,,ALL,1978,5889
GRC,,ALL,1979,8638
GRC,,ALL,1980,9038
GRC,,ALL,1981,8564
GRC,,ALL,1982,7525
GRC,,ALL,1983,6725
GRC,,ALL,1984,7306
GRC,,ALL,1985,7184
GRC,,ALL,1986,7373
GRC,,ALL,1987,8758
GRC,,ALL,1988,10301
GRC,,ALL,1989,11222
GRC,,ALL,1990,10145
GRC,,ALL,1991,11109
GRC,,ALL,1992,11977
GRC,,ALL,1993,12289
GRC,,ALL,1994,12608
GRC,,ALL,1995,13532
GRC,,ALL,1996,12542
GRC,,ALL,1997,12853
GRC,,ALL,1998,11838
GRC,,ALL,1999,11420
GRC,,ALL,2000,18015
GRC,,ALL,2001,22223
GRC,,ALL,2002,16173
GRC,,ALL,2003,15782
GRC,,ALL,2004,16135
GRC,,ALL,2005,16495
GRC,,ALL,2006,17192
GRC,,ALL,2007,16264
GRC,,ALL,2008,16352
GRC,,ALL,2009,16399
GRC,,ALL,2010,17488
GRC,,ALL,2011,13656
GRC,,ALL,2012,17632
GRC,,ALL,2013,21974
GRC,,ALL,2014,21071
GRC,,ALL,2015,21561
HRV,,ALL,1980,47827
HRV,,ALL,1981,51975
HRV,,ALL,1982,51534
HRV,,ALL,1983,47996
HRV,,ALL,1984,48775
HRV,,ALL,1985,51549
HRV,,ALL,1986,50058
HRV,,ALL,1987,48608
HRV,,ALL,1988,42864
HRV,,ALL,1989,43233
HRV,,ALL,1990,38626
HRV,,ALL,1991,33351
HRV,,ALL,1992,26223
HRV,,ALL,1993,25179
HRV,,ALL,1994,19673
HRV,,ALL,1995,14282
HRV,,ALL,1996,12339
HRV,,ALL,1997,10036
HRV,,ALL,1998,8907
HRV,,ALL,1999,8064
HRV,,ALL,2000,7534
HRV,,ALL,2001,6574
HRV,,ALL,2002,6191
HRV,,ALL,2003,5923
HRV,,ALL,2004,5232
HRV,,ALL,2005,4563
HRV,,ALL,2006,4733
HRV,,ALL,2007,4573
HRV,,ALL,2008,4497
HRV,,ALL,2009,4450
HRV,,ALL,2010,4022
HRV,,ALL,2011,4347
HRV,,ALL,2012,3571
HRV,,ALL,2013,3161
HRV,,ALL,2014,3020
HRV,,ALL,2015,3002
HRV,,ALL,2016,2520
HRV,,ALL,2017,2416
HRV,,ALL,2018,2558
HRV,,ALL,2019,2703
HRV,,ALL,2020,2594
HUN,,ALL,1975,96212
HUN,,ALL,1976,94720
HUN,,ALL,1977,89096
HUN,,ALL,1978,83545
HUN,,ALL,1979,80767
HUN,,ALL,1980,80882
HUN,,ALL,1981,78421
HUN,,ALL,1982,78682
HUN,,ALL,1983,78599
HUN,,ALL,1985,81970
HUN,,ALL,1986,83586
HUN,,ALL,1987,84519
HUN,,ALL,1988,87101
HUN,,ALL,1989,90486
HUN,,ALL,1990,90394
HUN,,ALL,1991,89931
HUN,,ALL,1992,87065
HUN,,ALL,1993,75258
HUN,,ALL,1994,74491
HUN,,ALL,1995,76957
HUN,,ALL,1996,76600
HUN,,ALL,1997,74564
HUN,,ALL,1998,68971
HUN,,ALL,1999,65981
HUN,,ALL,2000,59249
HUN,,ALL,2001,56404
HUN,,ALL,2002,56075
HUN,,ALL,2003,53789
HUN,,ALL,2004,52539
HUN,,ALL,2005,48689
HUN,,ALL,2006,46324
HUN,,ALL,2007,43870
HUN,,ALL,2008,44089
HUN,,ALL,2009,43181
HUN,,ALL,2010,40449
HUN,,ALL,2011,38443
HUN,,ALL,2012,36118
HUN,,ALL,2013,34891
HUN,,ALL,2014,32663
HUN,,ALL,2015,31176
HUN,,ALL,2016,30439
HUN,,ALL,2017,28496
HUN,,ALL,2018,26941
HUN,,ALL,2019,25783
HUN,,ALL,2020,23901
IRL,,ALL,2014,26
IRL,,ALL,2015,26
IRL,,ALL,2016,25
IRL,,ALL,2017,15
IRL,,ALL,2018,32
IRL,,ALL,2019,6666
IRL,,ALL,2020,6577
ISL,,ALL,1980,523
ISL,,ALL,1981,597
ISL,,ALL,1982,613
ISL,,ALL,1983,689
ISL,,ALL,1984,745
ISL,,ALL,1985,705
ISL,,ALL,1986,682
ISL,,ALL,1987,687
ISL,,ALL,1988,674
ISL,,ALL,1989,689
ISL,,ALL,1990,726
ISL,,ALL,1991,681
ISL,,ALL,1992,768
ISL,,ALL,1993,851
ISL,,ALL,1994,792
ISL,,ALL,1995,820
ISL,,ALL,1996,868
ISL,,ALL,1997,938
ISL,,ALL,1998,914
ISL,,ALL,1999,935
ISL,,ALL,2000,987
ISL,,ALL,2001,967
ISL,,ALL,2002,900
ISL,,ALL,2003,955
ISL,,ALL,2004,889
ISL,,ALL,2005,868
ISL,,ALL,2006,904
ISL,,ALL,2007,905
ISL,,ALL,2008,959
ISL,,ALL,2009,981
ISL,,ALL,2010,978
ISL,,ALL,2011,970
ISL,,ALL,2012,980
ISL,,ALL,2013,966
ISL,,ALL,2014,955
ISL,,ALL,2015,927
ISL,,ALL,2016,1021
ISL,,ALL,2017,1044
ISL,,ALL,2018,1049
ISL,,ALL,2020,962
ISR,,ALL,1980,14708
ISR,,ALL,1981,14514
ISR,,ALL,1982,16829
ISR,,ALL,1983,15593
ISR,,ALL,1984,18948
ISR,,ALL,1985,18406
ISR,,ALL,1986,17469
ISR,,ALL,1987,15290
ISR,,ALL,1988,16181
ISR,,ALL,1989,15216
ISR,,ALL,1990,15509
ISR,,ALL,1991,15767
ISR,,ALL,1992,16389
ISR,,ALL,1993,16303
ISR,,ALL,1994,16046
ISR,,ALL,1995,16609
ISR,,ALL,1996,17987
ISR,,ALL,1997,18480
ISR,,ALL,1998,18149
ISR,,ALL,1999,18785
ISR,,ALL,2000,19373
ISR,,ALL,2001,20332
ISR,,ALL,2002,19796
ISR,,ALL,2003,20075
ISR,,ALL,2004,20378
ISR,,ALL,2005,19622
ISR,,ALL,2006,19832
ISR,,ALL,2007,19544
ISR,,ALL,2008,19594
ISR,,ALL,2009,19887
ISR,,ALL,2010,19531
ISR,,ALL,2011,19214
ISR,,ALL,2012,20063
ISR,,ALL,2013,19356
ISR,,ALL,2014,19467
ISR,,ALL,2015,18246
ISR,,ALL,2016,17990
ISR,,ALL,2017,18120
ISR,,ALL,2018,18209
ISR,,ALL,2019,17355
ISR,,ALL,2020,16430
ITA,,ALL,1980,213310
ITA,,ALL,1981,218818
ITA,,ALL,1982,231008
ITA,,ALL,1983,231061
ITA,,ALL,1984,228377
ITA,,ALL,1985,211227
ITA,,ALL,1986,197165
ITA,,ALL,1987,190371
ITA,,ALL,1988,178425
ITA,,ALL,1989,171351
ITA,,ALL,1990,161386
ITA,,ALL,1991,157173
ITA,,ALL,1992,149824
ITA,,ALL,1993,144786
ITA,,ALL,1994,136481
ITA,,ALL,1995,134817
ITA,,ALL,1996,138925
ITA,,ALL,1997,140166
ITA,,ALL,1998,138354
ITA,,ALL,1999,138708
ITA,,ALL,2000,134740
ITA,,ALL,2001,132073
ITA,,ALL,2002,131039
ITA,,ALL,2003,124118
ITA,,ALL,2004,137140
ITA,,ALL,2005,129272
ITA,,ALL,2006,125782
ITA,,ALL,2007,125116
ITA,,ALL,2008,118891
ITA,,ALL,2009,114793
ITA,,ALL,2010,112463
ITA,,ALL,2011,110041
ITA,,ALL,2012,103191
ITA,,ALL,2013,100342
ITA,,ALL,2014,95400
ITA,,ALL,2015,87369
ITA,,ALL,2016,84874
ITA,,ALL,2017,80497
ITA,,ALL,2018,76044
ITA,,ALL,2019,71642
ITA,,ALL,2020,65757
KAZ,,ALL,1983,362371
KAZ,,ALL,1985,327563
KAZ,,ALL,1986,332055
KAZ,,ALL,1987,329819
KAZ,,ALL,1988,294596
KAZ,,ALL,1989,274896
KAZ,,ALL,1990,254943
KAZ,,ALL,1991,264936
KAZ,,ALL,1992,346405
KAZ,,ALL,1993,290703
KAZ,,ALL,1994,261834
KAZ,,ALL,1995,224084
KAZ,,ALL,1996,194187
KAZ,,ALL,1997,156751
KAZ,,ALL,1998,149248
KAZ,,ALL,1999,138197
KAZ,,ALL,2000,134111
KAZ,,ALL,2001,136787
KAZ,,ALL,2002,124523
KAZ,,ALL,2003,127180
KAZ,,ALL,2004,129495
KAZ,,ALL,2005,125654
KAZ,,ALL,2006,130599
KAZ,,ALL,2007,133097
KAZ,,ALL,2008,123992
KAZ,,ALL,2009,113320
KAZ,,ALL,2010,106074
KAZ,,ALL,2011,95288
KAZ,,ALL,2012,95654
KAZ,,ALL,2013,84265
KAZ,,ALL,2014,83709
KAZ,,ALL,2015,81440
KAZ,,ALL,2016,78857
KAZ,,ALL,2017,80328
KAZ,,ALL,2018,78545
KAZ,,ALL,2019,76357
KGZ,,ALL,1980,64957
KGZ,,ALL,1981,65291
KGZ,,ALL,1982,67555
KGZ,,ALL,1983,68690
KGZ,,ALL,1984,66227
KGZ,,ALL,1985,69382
KGZ,,ALL,1986,73802
KGZ,,ALL,1987,74060
KGZ,,ALL,1988,67667
KGZ,,ALL,1989,87212
KGZ,,ALL,1990,53641
KGZ,,ALL,1991,48813
KGZ,,ALL,1992,43867
KGZ,,ALL,1993,37267
KGZ,,ALL,1994,31389
KGZ,,ALL,1995,27111
KGZ,,ALL,1996,24187
KGZ,,ALL,1997,21671
KGZ,,ALL,1998,19431
KGZ,,ALL,1999,17890
KGZ,,ALL,2000,15933
KGZ,,ALL,2001,15979
KGZ,,ALL,2002,14557
KGZ,,ALL,2003,19225
KGZ,,ALL,2004,12677
KGZ,,ALL,2005,12705
KGZ,,ALL,2006,11766
KGZ,,ALL,2007,13324
KGZ,,ALL,2008,13205
KGZ,,ALL,2009,14438
KGZ,,ALL,2010,14421
KGZ,,ALL,2011,15622
KGZ,,ALL,2012,23547
KGZ,,ALL,2013,22092
KGZ,,ALL,2014,24456
KGZ,,ALL,2015,22513
KGZ,,ALL,2016,20783
KGZ,,ALL,2017,19486
KGZ,,ALL,2018,19176
KGZ,,ALL,2019,20172
KGZ,,ALL,2020,14906
KGZ,,ALL,2021,17075
LTU,,ALL,1989,50100
LTU,,ALL,1990,50000
LTU,,ALL,1991,40765
LTU,,ALL,1992,40952
LTU,,ALL,1993,35211
LTU,,ALL,1994,30355
LTU,,ALL,1995,31278
LTU,,ALL,1996,27832
LTU,,ALL,1997,22680
LTU,,ALL,1998,21022
LTU,,ALL,1999,18846
LTU,,ALL,2000,16259
LTU,,ALL,2001,13677
LTU,,ALL,2002,12495
LTU,,ALL,2003,11513
LTU,,ALL,2004,10644
LTU,,ALL,2005,9972
LTU,,ALL,2006,9536
LTU,,ALL,2007,9596
LTU,,ALL,2008,9031
LTU,,ALL,2009,8024
LTU,,ALL,2010,6989
LTU,,ALL,2011,6205
LTU,,ALL,2012,6033
LTU,,ALL,2013,5353
LTU,,ALL,2014,5231
LTU,,ALL,2015,4735
LTU,,ALL,2016,4502
LTU,,ALL,2017,4294
LTU,,ALL,2018,3590
LTU,,ALL,2019,3196
LTU,,ALL,2020,2794
LVA,,ALL,1990,39042
LVA,,ALL,1991,38837
LVA,,ALL,1992,34325
LVA,,ALL,1993,31352
LVA,,ALL,1994,26795
LVA,,ALL,1995,25933
LVA,,ALL,1996,24227
LVA,,ALL,1997,21768
LVA,,ALL,1998,19964
LVA,,ALL,1999,18031
LVA,,ALL,2000,17240
LVA,,ALL,2001,15647
LVA,,ALL,2002,14685
LVA,,ALL,2003,14508
LVA,,ALL,2004,13723
LVA,,ALL,2005,12785
LVA,,ALL,2006,11825
LVA,,ALL,2007,11814
LVA,,ALL,2008,10425
LVA,,ALL,2009,8881
LVA,,ALL,2010,7443
LVA,,ALL,2011,7089
LVA,,ALL,2012,6197
LVA,,ALL,2013,5557
LVA,,ALL,2014,5318
LVA,,ALL,2015,4802
LVA,,ALL,2016,4366
LVA,,ALL,2017,3917
LVA,,ALL,2018,3636
LVA,,ALL,2019,3367
LVA,,ALL,2020,2848
MCO,,ALL,1995,0
MDA,,ALL,1980,94583
MDA,,ALL,1981,90900
MDA,,ALL,1982,92550
MDA,,ALL,1983,92720
MDA,,ALL,1984,87616
MDA,,ALL,1985,100027
MDA,,ALL,1986,110011
MDA,,ALL,1987,112426
MDA,,ALL,1988,95075
MDA,,ALL,1989,90860
MDA,,ALL,1990,81931
MDA,,ALL,1991,73454
MDA,,ALL,1992,71430
MDA,,ALL,1993,64178
MDA,,ALL,1994,58777
MDA,,ALL,1995,57181
MDA,,ALL,1996,46010
MDA,,ALL,1997,38258
MDA,,ALL,1998,33229
MDA,,ALL,1999,27908
MDA,,ALL,2000,26035
MDA,,ALL,2001,16028
MDA,,ALL,2002,15739
MDA,,ALL,2003,17551
MDA,,ALL,2004,17965
MDA,,ALL,2005,16642
MDA,,ALL,2006,15742
MDA,,ALL,2007,15843
MDA,,ALL,2008,15900
MDA,,ALL,2009,14634
MDA,,ALL,2010,14785
MDA,,ALL,2011,15710
MDA,,ALL,2012,14838
MDA,,ALL,2013,14511
MDA,,ALL,2014,13930
MDA,,ALL,2015,14059
MDA,,ALL,2016,13285
MDA,,ALL,2017,12025
MDA,,ALL,2018,10830
MDA,,ALL,2019,10889
MDA,,ALL,2020,8294
MDA,,ALL,2021,8573
MKD,,ALL,1984,29731
MKD,,ALL,1985,29753
MKD,,ALL,1986,30467
MKD,,ALL,1987,32150
MKD,,ALL,1988,27089
MKD,,ALL,1989,30442
MKD,,ALL,1990,21894
MKD,,ALL,1991,23166
MKD,,ALL,1992,19855
MKD,,ALL,1993,18454
MKD,,ALL,1994,16480
MKD,,ALL,1995,15805
MKD,,ALL,1996,14164
MKD,,ALL,1997,12058
MKD,,ALL,1998,12015
MKD,,ALL,1999,8479
MKD,,ALL,2000,11407
MKD,,ALL,2001,8523
MKD,,ALL,2002,7876
MKD,,ALL,2003,6690
MKD,,ALL,2004,7324
MKD,,ALL,2005,6622
MKD,,ALL,2006,6164
MKD,,ALL,2007,6090
MKD,,ALL,2008,5900
MKD,,ALL,2009,5601
MKD,,ALL,2010,5078
MKD,,ALL,2011,5324
MKD,,ALL,2012,5387
MKD,,ALL,2013,4983
MKD,,ALL,2014,4738
MKD,,ALL,2015,4587
MKD,,ALL,2016,4251
MKD,,ALL,2017,4236
MKD,,ALL,2018,3992
MKD,,ALL,2019,3784
MKD,,ALL,2020,3308
MLT,,ALL,1984,0
MLT,,ALL,1985,0
MLT,,ALL,1986,0
MLT,,ALL,1987,0
MLT,,ALL,1988,0
MLT,,ALL,1989,0
MLT,,ALL,1990,0
MLT,,ALL,1991,0
MLT,,ALL,1992,0
MLT,,ALL,1993,0
MLT,,ALL,1994,0
MLT,,ALL,1995,0
MLT,,ALL,1997,0
MLT,,ALL,1998,0
MLT,,ALL,1999,0
MLT,,ALL,2000,0
MLT,,ALL,2001,0
MLT,,ALL,2002,0
MLT,,ALL,2003,0
MLT,,ALL,2004,0
MLT,,ALL,2005,0
MLT,,ALL,2006,0
MLT,,ALL,2007,0
MLT,,ALL,2008,0
MLT,,ALL,2009,0
MLT,,ALL,2010,0
MLT,,ALL,2011,0
MLT,,ALL,2012,0
MLT,,ALL,2013,0
MLT,,ALL,2014,0
MLT,,ALL,2015,0
MLT,,ALL,2016,0
MLT,,ALL,2017,0
MLT,,ALL,2018,0
MLT,,ALL,2019,0
MNE,,ALL,1992,6423
MNE,,ALL,1993,5534
MNE,,ALL,1994,4560
MNE,,ALL,1995,4069
MNE,,ALL,1996,3574
MNE,,ALL,1997,3108
MNE,,ALL,1998,3376
MNE,,ALL,1999,3618
MNE,,ALL,2000,2776
MNE,,ALL,2001,2347
MNE,,ALL,2002,2140
MNE,,ALL,2003,1979
MNE,,ALL,2004,1783
MNE,,ALL,2005,1502
MNE,,ALL,2006,1309
MNE,,ALL,2007,1311
MNE,,ALL,2008,1166
MNE,,ALL,2009,967
MNE,,ALL,2010,851
MNE,,ALL,2011,823
MNE,,ALL,2012,763
MNE,,ALL,2013,874
MNE,,ALL,2014,943
MNE,,ALL,2015,980
MNE,,ALL,2016,763
MNE,,ALL,2017,637
MNE,,ALL,2018,509
MNE,,ALL,2019,656
MNE,,ALL,2020,636
NLD,,ALL,1982,20187
NLD,,ALL,1990,18366
NLD,,ALL,1991,19568
NLD,,ALL,1992,19422
NLD,,ALL,1993,19804
NLD,,ALL,1994,20811
NLD,,ALL,1995,20932
NLD,,ALL,1996,22441
NLD,,ALL,1997,22413
NLD,,ALL,1998,24141
NLD,,ALL,1999,25318
NLD,,ALL,2000,27205
NLD,,ALL,2001,28437
NLD,,ALL,2002,29450
NLD,,ALL,2003,28841
NLD,,ALL,2004,29094
NLD,,ALL,2005,28738
NLD,,ALL,2006,28471
NLD,,ALL,2007,28330
NLD,,ALL,2008,28442
NLD,,ALL,2009,28319
NLD,,ALL,2010,27794
NLD,,ALL,2011,27728
NLD,,ALL,2012,26871
NLD,,ALL,2013,26808
NLD,,ALL,2014,26598
NLD,,ALL,2015,26916
NLD,,ALL,2016,26482
NLD,,ALL,2017,27028
NLD,,ALL,2018,27620
NLD,,ALL,2019,28949
NLD,,ALL,2020,28532
NOR,,ALL,1985,14599
NOR,,ALL,1986,15474
NOR,,ALL,1987,15422
NOR,,ALL,1988,15852
NOR,,ALL,1991,15528
NOR,,ALL,1992,15164
NOR,,ALL,1993,14909
NOR,,ALL,1994,14533
NOR,,ALL,1995,13762
NOR,,ALL,1996,14311
NOR,,ALL,1997,13985
NOR,,ALL,1998,14028
NOR,,ALL,1999,14279
NOR,,ALL,2000,14635
NOR,,ALL,2001,13887
NOR,,ALL,2002,13557
NOR,,ALL,2003,13888
NOR,,ALL,2004,14071
NOR,,ALL,2005,13989
NOR,,ALL,2006,14132
NOR,,ALL,2007,15165
NOR,,ALL,2008,16054
NOR,,ALL,2009,15774
NOR,,ALL,2010,15739
NOR,,ALL,2011,15364
NOR,,ALL,2012,15232
NOR,,ALL,2013,14777
NOR,,ALL,2014,14067
NOR,,ALL,2015,14032
NOR,,ALL,2016,13192
NOR,,ALL,2017,12749
NOR,,ALL,2018,13653
NOR,,ALL,2019,12940
NOR,,ALL,2020,12156
NOR,,ALL,2021,11937
,NORDIC,ALL,1985,79848
,NORDIC,ALL,1986,82663
,NORDIC,ALL,1987,84630
,NORDIC,ALL,1988,88048
,NORDIC,ALL,1989,88446
,NORDIC,ALL,1990,86656
,NORDIC,ALL,1991,83463
,NORDIC,ALL,1992,80683
,NORDIC,ALL,1993,78991
,NORDIC,ALL,1994,75229
,NORDIC,ALL,1995,73508
,NORDIC,ALL,1996,75963
,NORDIC,ALL,1997,73769
,NORDIC,ALL,1998,73295
,NORDIC,ALL,1999,72994
,NORDIC,ALL,2000,73432
,NORDIC,ALL,2001,72916
,NORDIC,ALL,2002,73983
,NORDIC,ALL,2003,75846
,NORDIC,ALL,2004,75974
,NORDIC,ALL,2005,76241
,NORDIC,ALL,2006,77109
,NORDIC,ALL,2007,79712
,NORDIC,ALL,2008,82342
,NORDIC,ALL,2009,81658
,NORDIC,ALL,2010,81524
,NORDIC,ALL,2011,81139
,NORDIC,ALL,2012,80334
,NORDIC,ALL,2013,79196
,NORDIC,ALL,2014,77179
,NORDIC,ALL,2015,78202
,NORDIC,ALL,2016,76300
,NORDIC,ALL,2017,73990
,NORDIC,ALL,2018,73429
POL,,ALL,1985,135564
POL,,ALL,1986,129720
POL,,ALL,1998,310
POL,,ALL,1999,151
POL,,ALL,2000,138
POL,,ALL,2001,124
POL,,ALL,2002,159
POL,,ALL,2003,174
POL,,ALL,2004,193
POL,,ALL,2005,225
POL,,ALL,2006,340
POL,,ALL,2007,322
POL,,ALL,2008,499
POL,,ALL,2009,538
POL,,ALL,2010,641
POL,,ALL,2011,669
POL,,ALL,2012,752
POL,,ALL,2013,744
POL,,ALL,2014,977
POL,,ALL,2015,1044
POL,,ALL,2016,1098
POL,,ALL,2017,1057
POL,,ALL,2018,1081
POL,,ALL,2019,1116
PRT,,ALL,2008,18607
PRT,,ALL,2009,19848
PRT,,ALL,2010,20137
PRT,,ALL,2011,20480
PRT,,ALL,2012,19156
PRT,,ALL,2013,18281
PRT,,ALL,2014,16762
PRT,,ALL,2015,16652
PRT,,ALL,2016,16277
PRT,,ALL,2017,15518
PRT,,ALL,2018,14928
PRT,,ALL,2019,15263
PRT,,ALL,2020,14075
ROU,,ALL,1980,413093
ROU,,ALL,1982,468041
ROU,,ALL,1984,303123
ROU,,ALL,1985,302838
ROU,,ALL,1986,183959
ROU,,ALL,1987,182440
ROU,,ALL,1988,185416
ROU,,ALL,1989,193084
ROU,,ALL,1990,992265
ROU,,ALL,1991,866934
ROU,,ALL,1992,691863
ROU,,ALL,1993,585761
ROU,,ALL,1994,530191
ROU,,ALL,1995,502840
ROU,,ALL,1996,456221
ROU,,ALL,1997,347126
ROU,,ALL,1998,271496
ROU,,ALL,1999,259888
ROU,,ALL,2000,257865
ROU,,ALL,2001,254855
ROU,,ALL,2002,247608
ROU,,ALL,2003,224807
ROU,,ALL,2004,191038
ROU,,ALL,2005,163359
ROU,,ALL,2006,150246
ROU,,ALL,2007,137226
ROU,,ALL,2008,127907
ROU,,ALL,2009,116060
ROU,,ALL,2010,101915
ROU,,ALL,2011,103383
ROU,,ALL,2012,88135
ROU,,ALL,2013,86432
ROU,,ALL,2014,78371
ROU,,ALL,2015,70885
ROU,,ALL,2016,63518
ROU,,ALL,2017,56238
ROU,,ALL,2018,52322
ROU,,ALL,2019,47492
ROU,,ALL,2020,31889
RUS,,ALL,1990,3920287
RUS,,ALL,1991,3525904
RUS,,ALL,1992,3265718
RUS,,ALL,1993,2977935
RUS,,ALL,1994,2808103
RUS,,ALL,1995,2574834
RUS,,ALL,1996,2469198
RUS,,ALL,1997,2320948
RUS,,ALL,1998,2210166
RUS,,ALL,1999,2059702
RUS,,ALL,2000,1961539
RUS,,ALL,2001,1856951
RUS,,ALL,2002,1782266
RUS,,ALL,2003,1676971
RUS,,ALL,2004,1604491
RUS,,ALL,2005,1490001
RUS,,ALL,2006,1407042
RUS,,ALL,2007,1302480
RUS,,ALL,2008,1236362
RUS,,ALL,2009,1161690
RUS,,ALL,2010,1054820
RUS,,ALL,2011,989375
RUS,,ALL,2012,935509
RUS,,ALL,2013,881377
RUS,,ALL,2014,814162
RUS,,ALL,2015,746736
RUS,,ALL,2016,688117
RUS,,ALL,2017,627127
RUS,,ALL,2018,567183
RUS,,ALL,2019,520129
RUS,,ALL,2020,450408
RUS,,ALL,2021,411414
,SEEHN,ALL,2000,479714
,SEEHN,ALL,2001,442477
,SEEHN,ALL,2002,427452
,SEEHN,ALL,2003,395936
,SEEHN,ALL,2004,358541
,SEEHN,ALL,2005,316059
,SEEHN,ALL,2006,294057
,SEEHN,ALL,2007,276992
,SEEHN,ALL,2008,263441
,SEEHN,ALL,2009,243447
,SEEHN,ALL,2010,222218
,SEEHN,ALL,2011,221671
,SEEHN,ALL,2012,201379
,SEEHN,ALL,2013,193757
,SEEHN,ALL,2014,179128
,SEEHN,ALL,2015,167551
,SEEHN,ALL,2016,153477
,SEEHN,ALL,2017,139320
,SEEHN,ALL,2018,132698
SMR,,ALL,2011,51
SMR,,ALL,2012,34
SMR,,ALL,2013,33
SMR,,ALL,2014,30
SMR,,ALL,2015,42
SMR,,ALL,2016,34
SMR,,ALL,2017,26
SMR,,ALL,2018,21
SMR,,ALL,2019,37
SMR,,ALL,2020,22
SMR,,ALL,2021,30
SRB,,ALL,2000,42322
SRB,,ALL,2001,34255
SRB,,ALL,2002,30794
SRB,,ALL,2003,29856
SRB,,ALL,2004,29650
SRB,,ALL,2005,26645
SRB,,ALL,2006,25665
SRB,,ALL,2007,24273
SRB,,ALL,2008,24159
SRB,,ALL,2009,22733
SRB,,ALL,2010,22092
SRB,,ALL,2011,21154
SRB,,ALL,2012,20335
SRB,,ALL,2013,19085
SRB,,ALL,2014,17238
SRB,,ALL,2015,16863
SRB,,ALL,2016,15526
SRB,,ALL,2017,14356
SRB,,ALL,2018,14079
SRB,,ALL,2019,13901
SRB,,ALL,2020,11584
SVK,,ALL,1980,40691
SVK,,ALL,1981,41387
SVK,,ALL,1982,42532
SVK,,ALL,1983,43071
SVK,,ALL,1984,43594
SVK,,ALL,1985,45594
SVK,,ALL,1986,50124
SVK,,ALL,1987,57125
SVK,,ALL,1988,58199
SVK,,ALL,1989,55803
SVK,,ALL,1990,55640
SVK,,ALL,1991,52297
SVK,,ALL,1992,48793
SVK,,ALL,1993,45041
SVK,,ALL,1994,34432
SVK,,ALL,1995,28887
SVK,,ALL,1996,23863
SVK,,ALL,1997,20850
SVK,,ALL,1998,19395
SVK,,ALL,1999,18141
SVK,,ALL,2000,16580
SVK,,ALL,2001,15899
SVK,,ALL,2002,15301
SVK,,ALL,2003,14159
SVK,,ALL,2004,13146
SVK,,ALL,2005,12261
SVK,,ALL,2006,11971
SVK,,ALL,2007,11189
SVK,,ALL,2008,10869
SVK,,ALL,2009,9970
SVK,,ALL,2010,9299
SVK,,ALL,2011,8818
SVK,,ALL,2012,8439
SVK,,ALL,2013,7991
SVK,,ALL,2014,7497
SVK,,ALL,2015,7002
SVK,,ALL,2016,6491
SVK,,ALL,2017,6102
SVK,,ALL,2018,6024
SVK,,ALL,2019,5824
SVK,,ALL,2020,4868
SVK,,ALL,2021,4868
SVN,,ALL,1980,18194
SVN,,ALL,1981,19138
SVN,,ALL,1982,19744
SVN,,ALL,1983,18573
SVN,,ALL,1984,18591
SVN,,ALL,1985,17960
SVN,,ALL,1986,17988
SVN,,ALL,1987,16819
SVN,,ALL,1988,16531
SVN,,ALL,1989,15881
SVN,,ALL,1990,14732
SVN,,ALL,1991,14027
SVN,,ALL,1992,13258
SVN,,ALL,1993,12154
SVN,,ALL,1994,11324
SVN,,ALL,1995,10791
SVN,,ALL,1996,10218
SVN,,ALL,1997,9712
SVN,,ALL,1998,9116
SVN,,ALL,1999,8707
SVN,,ALL,2000,8429
SVN,,ALL,2001,7799
SVN,,ALL,2002,7327
SVN,,ALL,2003,6873
SVN,,ALL,2004,6403
SVN,,ALL,2005,5851
SVN,,ALL,2006,5632
SVN,,ALL,2007,5176
SVN,,ALL,2008,4946
SVN,,ALL,2009,4653
SVN,,ALL,2010,4328
SVN,,ALL,2011,4263
SVN,,ALL,2012,4106
SVN,,ALL,2013,4011
SVN,,ALL,2014,4060
SVN,,ALL,2015,3682
SVN,,ALL,2016,3736
SVN,,ALL,2017,3529
SVN,,ALL,2018,3474
SVN,,ALL,2019,3275
SVN,,ALL,2020,2945
SWE,,ALL,1970,16100
SWE,,ALL,1971,19250
SWE,,ALL,1972,24170
SWE,,ALL,1973,25990
SWE,,ALL,1974,30636
SWE,,ALL,1975,32526
SWE,,ALL,1976,32351
SWE,,ALL,1977,31462
SWE,,ALL,1978,31918
SWE,,ALL,1979,34709
SWE,,ALL,1980,34887
SWE,,ALL,1981,33294
SWE,,ALL,1982,32602
SWE,,ALL,1983,31014
SWE,,ALL,1984,30755
SWE,,ALL,1985,30838
SWE,,ALL,1986,33124
SWE,,ALL,1987,34707
SWE,,ALL,1988,37585
SWE,,ALL,1989,37920
SWE,,ALL,1990,37489
SWE,,ALL,1991,35788
SWE,,ALL,1992,34849
SWE,,ALL,1993,34169
SWE,,ALL,1994,32293
SWE,,ALL,1995,31441
SWE,,ALL,1996,32117
SWE,,ALL,1997,31433
SWE,,ALL,1998,31008
SWE,,ALL,1999,30712
SWE,,ALL,2000,30980
SWE,,ALL,2001,31777
SWE,,ALL,2002,33365
SWE,,ALL,2003,34473
SWE,,ALL,2004,34454
SWE,,ALL,2005,34978
SWE,,ALL,2006,36045
SWE,,ALL,2007,37205
SWE,,ALL,2008,38053
SWE,,ALL,2009,37524
SWE,,ALL,2010,37693
SWE,,ALL,2011,37750
SWE,,ALL,2012,37366
SWE,,ALL,2014,36629
SWE,,ALL,2015,38071
SWE,,ALL,2016,38177
SWE,,ALL,2017,36616
SWE,,ALL,2018,35782
SWE,,ALL,2019,36151
SWE,,ALL,2020,34596
TJK,,ALL,1990,19655
TJK,,ALL,1991,21950
TJK,,ALL,1992,34345
TJK,,ALL,1994,23411
TJK,,ALL,1995,20993
TJK,,ALL,1996,18569
TJK,,ALL,1997,17355
TJK,,ALL,1998,14722
TJK,,ALL,1999,11876
TJK,,ALL,2000,12940
TJK,,ALL,2001,11125
TJK,,ALL,2002,10982
TJK,,ALL,2003,10507
TJK,,ALL,2004,12014
TJK,,ALL,2005,11744
TJK,,ALL,2006,10141
TJK,,ALL,2007,10098
TJK,,ALL,2008,10276
TJK,,ALL,2009,10237
TJK,,ALL,2010,10554
TJK,,ALL,2011,8690
TJK,,ALL,2012,8551
TJK,,ALL,2013,7719
TJK,,ALL,2014,10370
TJK,,ALL,2015,9269
TJK,,ALL,2016,13869
TJK,,ALL,2017,13963
TJK,,ALL,2018,13975
TKM,,ALL,1985,31139
TKM,,ALL,1986,34031
TKM,,ALL,1990,35698
TKM,,ALL,1991,35451
TKM,,ALL,1992,37044
TKM,,ALL,1993,32857
TKM,,ALL,1994,33486
TKM,,ALL,1995,33795
TKM,,ALL,1996,31952
TKM,,ALL,1997,33185
TKM,,ALL,2000,20221
TKM,,ALL,2001,17282
TKM,,ALL,2002,16914
TKM,,ALL,2003,14735
TKM,,ALL,2004,14721
TKM,,ALL,2005,15555
TKM,,ALL,2006,14759
TKM,,ALL,2007,12875
TKM,,ALL,2008,12686
TKM,,ALL,2009,12101
TKM,,ALL,2010,15306
TKM,,ALL,2011,16273
TKM,,ALL,2012,18270
TKM,,ALL,2013,11641
TKM,,ALL,2014,12082
TKM,,ALL,2015,11465
TKM,,ALL,2016,10056
TKM,,ALL,2017,9977
TKM,,ALL,2018,9562
TKM,,ALL,2019,9246
TKM,,ALL,2020,8972
TKM,,ALL,2021,8775
UKR,,ALL,1970,1130115
UKR,,ALL,1971,1122412
UKR,,ALL,1972,1089743
UKR,,ALL,1973,1102572
UKR,,ALL,1974,1104203
UKR,,ALL,1975,1109222
UKR,,ALL,1976,1159070
UKR,,ALL,1977,1145849
UKR,,ALL,1978,1130865
UKR,,ALL,1979,1115264
UKR,,ALL,1980,1137391
UKR,,ALL,1981,1112734
UKR,,ALL,1982,1131437
UKR,,ALL,1983,1125570
UKR,,ALL,1984,1128566
UKR,,ALL,1985,1135475
UKR,,ALL,1986,1166039
UKR,,ALL,1987,1168136
UKR,,ALL,1988,1080029
UKR,,ALL,1989,1058414
UKR,,ALL,1990,1019038
UKR,,ALL,1991,957022
UKR,,ALL,1992,903507
UKR,,ALL,1993,833452
UKR,,ALL,1994,772629
UKR,,ALL,1995,715692
UKR,,ALL,1996,664156
UKR,,ALL,1997,571479
UKR,,ALL,1998,498621
UKR,,ALL,1999,468803
UKR,,ALL,2000,408865
UKR,,ALL,2001,346432
UKR,,ALL,2002,323343
UKR,,ALL,2003,292616
UKR,,ALL,2004,264074
UKR,,ALL,2005,242343
UKR,,ALL,2006,229618
UKR,,ALL,2007,210454
UKR,,ALL,2008,217413
UKR,,ALL,2009,194845
UKR,,ALL,2010,176774
UKR,,ALL,2011,169131
UKR,,ALL,2012,153147
UKR,,ALL,2013,147736
UKR,,ALL,2014,116104
UKR,,ALL,2015,106357
UKR,,ALL,2016,101121
UKR,,ALL,2017,94665
UKR,,ALL,2018,86678
UKR,,ALL,2019,79562
UZB,,ALL,1980,160700
UZB,,ALL,1981,166396
UZB,,ALL,1982,169608
UZB,,ALL,1990,214137
UZB,,ALL,1991,188995
UZB,,ALL,1992,168316
UZB,,ALL,1995,89768
UZB,,ALL,1996,76730
UZB,,ALL,1997,71584
UZB,,ALL,1998,61950
UZB,,ALL,1999,57944
UZB,,ALL,2000,54722
UZB,,ALL,2001,52768
UZB,,ALL,2002,56104
UZB,,ALL,2003,50553
UZB,,ALL,2004,45515
UZB,,ALL,2005,45482
UZB,,ALL,2006,42985
UZB,,ALL,2007,40725
UZB,,ALL,2008,39977
UZB,,ALL,2009,44140
UZB,,ALL,2010,40651
UZB,,ALL,2011,38809
UZB,,ALL,2012,37634
UZB,,ALL,2013,38546
UZB,,ALL,2014,41352
UZB,,ALL,2015,40201
UZB,,ALL,2016,42417
UZB,,ALL,2017,42433
UZB,,ALL,2018,44190
UZB,,ALL,2019,40525

Last update,2022.09.01 08:50:32 GMT
Description,Number of abortions, all ages
Reference link,https://dw.euro.who.int/api/v3/measures/HFA_587?lang=En

Copyright
© WHO Regional Office for Europe 2022. All rights reserved.,https://www.who.int/about/policies/publishing/copyright